Title,Category,Keywords
Web Development,Development,HTML;CSS;JavaScript;React;Angular;Vue.js;Bootstrap
Mobile App Development,Development,iOS;Android;React Native;Swift;Kotlin
Game Development,Development,Unity;Unreal Engine;C#;C++;3D Modeling
Programming Languages,Development,Python;Java;C++;Ruby;PHP;Go
Databases,Development,SQL;MySQL;MongoDB;Oracle;PostgreSQL;NoSQL
Entrepreneurship,Business,Startups;Business Models;Venture Capital;Pitching
Finance,Business,Accounting;Financial Analysis;Investment;Trading;Budgeting
Communications,Business,Public Speaking;Presentation Skills;Writing;Storytelling;Podcasting
Management,Business,Leadership;Project Management;Team Building;Time Management;Productivity
IT Certification,IT & Software,CompTIA;Cisco;Microsoft;AWS;Oracle;Red Hat
Network & Security,IT & Software,Cybersecurity;Ethical Hacking;Penetration Testing;Firewalls;VPNs
Operating Systems,IT & Software,Windows;Linux;macOS;UNIX;Shell Scripting
Hardware,IT & Software,Computer Building;Troubleshooting;Repair;Maintenance;Upgrades
Software Tools,IT & Software,Microsoft Office;Adobe Creative Suite;Google Suite;Trello;Asana
Personal Transformation,Personal Development,Self-Improvement;Mindfulness;Meditation;Psychology;Happiness
Career Development,Personal Development,Job Search;Resume Building;Interviewing;Salary Negotiation;Networking
Creativity,Personal Development,Writing;Drawing;Painting;Music;Photography
Influence,Personal Development,Persuasion;Negotiation;Sales;Marketing;Branding
Digital Marketing,Marketing,SEO;SEM;Social Media Marketing;Email Marketing;Google Ads;Content Marketing
Advertising,Marketing,Copywriting;Graphic Design;Video Production;Print Advertising;Direct Marketing
Analytics & Automation,Marketing,Data Analysis;Google Analytics;Marketing Automation;CRM;Sales Funnels
Arts & Crafts,Lifestyle,Knitting;Crocheting;Sewing;Embroidery;Quilting
Beauty & Fashion,Lifestyle,Makeup;Skincare;Haircare;Fashion Styling;Jewelry Making
Food & Beverage,Lifestyle,Cooking;Baking;Mixology;Wine Tasting;Nutrition
Travel,Lifestyle,Budget Travel;Luxury Travel;Solo Travel;Adventure Travel;Cultural Travel
Exercise,Health & Fitness,Strength;Training;Cardio;Yoga;Pilates;HIIT'
Nutrition,Health & Fitness,Meal;Planning;Macros;Supplements;Plant-Based Diets;Intermittent Fasting
Wellness,Health & Fitness,Stress Management;Sleep;Mindfulness;Meditation;Self-Care
Medical,Health & Fitness,Anatomy;Physiology;Pathology;Pharmacology;Medical;Coding
Photography,Photography & Video,DSLR Photography; Portrait Photography;Landscape Photography;Photo Editing;Lightroom
Video Production,Photography & Video,Filmmaking;Directing;Cinematography;Screenwriting;Video Editing
Drone & Aerial,Photography & Video,Drone Piloting;Aerial Photography;Aerial Videography;Drone Laws & Regulations
360 Video & VR,Photography & Video,360 Video Production;VR Storytelling;360 Video Editing;VR Development
Instruments,Music,Guitar;Piano;Drums;Bass;Violin
Music Production,Music,Recording;Mixing;Mastering;Ableton Live;Logic Pro X
Music Theory,Music,Chord Progressions;Scales;Sight Reading;Ear Training;Songwriting
Vocal,Music,Singing;Voice Training;Harmony;Vocal Technique;Stage Presence
English,Language,Business English;Academic English;Writing;Speaking;Grammar
Spanish,Language,Beginner Spanish;Conversational Spanish;Spanish Grammar;Spanish Culture
Chinese,Language,Mandarin Chinese;Business Chinese;Chinese Culture;Chinese Characters;HSK Test Preparation
Other Languages,Language,French;German;Japanese;Arabic;Italian;Portuguese;Russian;Korean
